{"cameraMode":{"drawMode":0,"name":"Shaded","section":"Shading Mode"},"sceneLighting":true,"audioPlay":false,"sceneViewState":{"showFog":true,"showMaterialUpdate":false,"showSkybox":true,"showFlares":true,"showImageEffects":true,"showParticleSystems":true},"in2DMode":false,"pivot":{"x":-252.64669799804688,"y":77.21278381347656,"z":-245.61087036132813},"rotation":{"x":0.00008727361273486167,"y":0.963211178779602,"z":-0.27001243829727175,"w":0.0029798157047480346},"size":678.1543579101563,"orthographic":false}