{"cameraMode":{"drawMode":0,"name":"Shaded","section":"Shading Mode"},"sceneLighting":true,"audioPlay":false,"sceneViewState":{"showFog":true,"showMaterialUpdate":false,"showSkybox":true,"showFlares":true,"showImageEffects":true,"showParticleSystems":true},"in2DMode":false,"pivot":{"x":-40.88438034057617,"y":82.9858169555664,"z":-368.3982238769531},"rotation":{"x":0.17001155018806458,"y":-0.7450633645057678,"z":0.21365898847579957,"w":0.6098511815071106},"size":6.009568691253662,"orthographic":false}