{"cameraMode":{"drawMode":0,"name":"Shaded","section":"Shading Mode"},"sceneLighting":true,"audioPlay":false,"sceneViewState":{"showFog":true,"showMaterialUpdate":false,"showSkybox":true,"showFlares":true,"showImageEffects":true,"showParticleSystems":true},"in2DMode":false,"pivot":{"x":-82.82589721679688,"y":118.13093566894531,"z":-224.02487182617188},"rotation":{"x":-0.018655898049473764,"y":-0.2370348870754242,"z":-0.0045161377638578419,"w":0.9715856313705444},"size":299.4928283691406,"orthographic":false}