{"cameraMode":{"drawMode":0,"name":"Shaded","section":"Shading Mode"},"sceneLighting":true,"audioPlay":false,"sceneViewState":{"showFog":true,"showMaterialUpdate":false,"showSkybox":true,"showFlares":true,"showImageEffects":true,"showParticleSystems":true},"in2DMode":false,"pivot":{"x":-114.57215118408203,"y":81.47895812988281,"z":-369.9000244140625},"rotation":{"x":-0.007762436289340258,"y":-0.9919015765190125,"z":0.031089961528778077,"w":-0.12889514863491059},"size":1.8299003839492798,"orthographic":false}