{"cameraMode":{"drawMode":0,"name":"Shaded","section":"Shading Mode"},"sceneLighting":true,"audioPlay":false,"sceneViewState":{"showFog":true,"showMaterialUpdate":false,"showSkybox":true,"showFlares":true,"showImageEffects":true,"showParticleSystems":true},"in2DMode":false,"pivot":{"x":-279.5538024902344,"y":111.15631103515625,"z":-140.9101104736328},"rotation":{"x":-0.28296351432800295,"y":-0.20459754765033723,"z":0.05794363096356392,"w":-0.9359166026115418},"size":145.4073486328125,"orthographic":false}