{"cameraMode":{"drawMode":0,"name":"Shaded","section":"Shading Mode"},"sceneLighting":true,"audioPlay":false,"sceneViewState":{"showFog":true,"showMaterialUpdate":false,"showSkybox":true,"showFlares":true,"showImageEffects":true,"showParticleSystems":true},"in2DMode":false,"pivot":{"x":-36.155845642089847,"y":84.1981430053711,"z":-324.6183166503906},"rotation":{"x":-0.014406113885343075,"y":0.7221086621284485,"z":0.014857985079288483,"w":0.6919144988059998},"size":95.11143493652344,"orthographic":false}