{"cameraMode":{"drawMode":0,"name":"Shaded","section":"Shading Mode"},"sceneLighting":true,"audioPlay":false,"sceneViewState":{"showFog":true,"showMaterialUpdate":false,"showSkybox":true,"showFlares":true,"showImageEffects":true,"showParticleSystems":true},"in2DMode":false,"pivot":{"x":-127.1942138671875,"y":85.12060546875,"z":-349.6727294921875},"rotation":{"x":0.497860848903656,"y":0.5027819275856018,"z":0.5002671480178833,"w":-0.5007731914520264},"size":33.73472595214844,"orthographic":false}