{"cameraMode":{"drawMode":0,"name":"Shaded","section":"Shading Mode"},"sceneLighting":false,"audioPlay":false,"sceneViewState":{"showFog":true,"showMaterialUpdate":false,"showSkybox":false,"showFlares":true,"showImageEffects":true,"showParticleSystems":true},"in2DMode":false,"pivot":{"x":-41.53567886352539,"y":82.39305114746094,"z":-388.260009765625},"rotation":{"x":0.1696814000606537,"y":0.47696012258529665,"z":-0.094528928399086,"w":0.8581697344779968},"size":1.3321337699890137,"orthographic":false}