{"cameraMode":{"drawMode":0,"name":"Shaded","section":"Shading Mode"},"sceneLighting":true,"audioPlay":false,"sceneViewState":{"showFog":true,"showMaterialUpdate":false,"showSkybox":true,"showFlares":true,"showImageEffects":true,"showParticleSystems":true},"in2DMode":false,"pivot":{"x":-41.543846130371097,"y":82.09901428222656,"z":-388.9062194824219},"rotation":{"x":0.1413138061761856,"y":0.18782198429107667,"z":-0.02732994221150875,"w":0.9724584817886353},"size":2.183807611465454,"orthographic":false}