{"cameraMode":{"drawMode":0,"name":"Shaded","section":"Shading Mode"},"sceneLighting":true,"audioPlay":false,"sceneViewState":{"showFog":true,"showMaterialUpdate":false,"showSkybox":true,"showFlares":true,"showImageEffects":true,"showParticleSystems":true},"in2DMode":false,"pivot":{"x":-58.40192413330078,"y":114.79549407958985,"z":-206.35470581054688},"rotation":{"x":-0.22371916472911836,"y":-0.1007976084947586,"z":0.023337911814451219,"w":-0.9694401025772095},"size":598.0784301757813,"orthographic":false}