{"cameraMode":{"drawMode":0,"name":"Shaded","section":"Shading Mode"},"sceneLighting":false,"audioPlay":false,"sceneViewState":{"showFog":true,"showMaterialUpdate":false,"showSkybox":false,"showFlares":true,"showImageEffects":true,"showParticleSystems":true},"in2DMode":false,"pivot":{"x":107.75900268554688,"y":57.737998962402347,"z":-156.79200744628907},"rotation":{"x":-0.018434559926390649,"y":0.6744887828826904,"z":0.01719174161553383,"w":0.7389865517616272},"size":3.7578909397125246,"orthographic":false}