{"cameraMode":{"drawMode":0,"name":"Shaded","section":"Shading Mode"},"sceneLighting":false,"audioPlay":false,"sceneViewState":{"showFog":true,"showMaterialUpdate":false,"showSkybox":true,"showFlares":true,"showImageEffects":true,"showParticleSystems":true},"in2DMode":false,"pivot":{"x":-86.78874206542969,"y":77.5394058227539,"z":-364.7165222167969},"rotation":{"x":-0.4515951871871948,"y":-0.3424144983291626,"z":0.18693113327026368,"w":-0.8031818866729736},"size":129.1141815185547,"orthographic":false}