{"cameraMode":{"drawMode":0,"name":"Shaded","section":"Shading Mode"},"sceneLighting":true,"audioPlay":false,"sceneViewState":{"showFog":true,"showMaterialUpdate":false,"showSkybox":true,"showFlares":true,"showImageEffects":true,"showParticleSystems":true},"in2DMode":false,"pivot":{"x":-65.21540069580078,"y":82.31608581542969,"z":-301.92755126953127},"rotation":{"x":0.03411445394158363,"y":-0.7335745692253113,"z":0.040412649512290958,"w":0.6787647008895874},"size":137.7918243408203,"orthographic":false}