{"cameraMode":{"drawMode":0,"name":"Shaded","section":"Shading Mode"},"sceneLighting":true,"audioPlay":false,"sceneViewState":{"showFog":true,"showMaterialUpdate":false,"showSkybox":true,"showFlares":true,"showImageEffects":true,"showParticleSystems":true},"in2DMode":false,"pivot":{"x":-124.20366668701172,"y":79.85961151123047,"z":-66.57241821289063},"rotation":{"x":-0.20681260526180268,"y":0.40793347358703616,"z":-0.09551997482776642,"w":-0.8842015266418457},"size":658.1971435546875,"orthographic":false}