{"cameraMode":{"drawMode":0,"name":"Shaded","section":"Shading Mode"},"sceneLighting":true,"audioPlay":false,"sceneViewState":{"showFog":true,"showMaterialUpdate":false,"showSkybox":true,"showFlares":true,"showImageEffects":true,"showParticleSystems":true},"in2DMode":false,"pivot":{"x":-130.5821533203125,"y":81.99879455566406,"z":-365.9380187988281},"rotation":{"x":0.004473612643778324,"y":-0.9935187697410584,"z":-0.06256429851055145,"w":-0.1023450419306755},"size":7.9631667137146,"orthographic":false}