{"cameraMode":{"drawMode":0,"name":"Shaded","section":"Shading Mode"},"sceneLighting":true,"audioPlay":false,"sceneViewState":{"showFog":true,"showMaterialUpdate":false,"showSkybox":true,"showFlares":true,"showImageEffects":true,"showParticleSystems":true},"in2DMode":false,"pivot":{"x":-131.50645446777345,"y":81.79862213134766,"z":-368.3821105957031},"rotation":{"x":0.005047602113336325,"y":0.9688725471496582,"z":-0.0016195360803976656,"w":-0.24998918175697328},"size":7.823236465454102,"orthographic":false}