{"cameraMode":{"drawMode":0,"name":"Shaded","section":"Shading Mode"},"sceneLighting":true,"audioPlay":false,"sceneViewState":{"showFog":true,"showMaterialUpdate":false,"showSkybox":true,"showFlares":true,"showImageEffects":true,"showParticleSystems":true},"in2DMode":false,"pivot":{"x":-42.43841552734375,"y":87.29312896728516,"z":-395.4256591796875},"rotation":{"x":0.18885304033756257,"y":0.7666681408882141,"z":-0.25848832726478579,"w":0.5568342804908752},"size":222.3733673095703,"orthographic":false}